{"loss": [491.34869384765625], "accuracy": [0.0], "val_loss": [8.841737747192383], "val_accuracy": [0.0]}