{"loss": [388.26434326171875, 0.9897096157073975, 0.5040598511695862, 0.4776138961315155, 0.4514414668083191, 0.40208175778388977, 0.38794663548469543, 0.3631933927536011, 0.3790005147457123, 0.40516096353530884, 0.45994824171066284, 0.5160265564918518, 0.38754406571388245, 0.4523959755897522, 0.4468417167663574, 0.37610381841659546, 0.3873503804206848, 0.5667229294776917, 0.38508129119873047, 0.4246803820133209, 0.7907705903053284, 0.375601202249527, 0.4473654329776764, 0.45750293135643005, 0.3750156760215759], "accuracy": [0.0, 0.0, 0.0, 0.0, 0.0, 0.0, 0.0, 0.0, 0.0, 0.0, 0.0, 0.0, 0.0, 0.0, 0.0, 0.0, 0.0, 0.0, 0.0, 0.0, 0.0, 0.0, 0.0, 0.0, 0.0], "val_loss": [2.716590642929077, 0.5272166728973389, 0.4817388355731964, 0.47670552134513855, 0.4273863136768341, 0.39907675981521606, 0.3496803343296051, 0.44606348872184753, 0.34948304295539856, 1.1728589534759521, 0.34324538707733154, 0.32307013869285583, 0.30826833844184875, 0.3399607837200165, 0.3273621201515198, 1.1521015167236328, 0.5530539155006409, 0.40571129322052, 0.29266947507858276, 0.3557015061378479, 0.3258734345436096, 0.6913532614707947, 0.32711049914360046, 0.30273905396461487, 0.2841615080833435], "val_accuracy": [0.0, 0.0, 0.0, 0.0, 0.0, 0.0, 0.0, 0.0, 0.0, 0.0, 0.0, 0.0, 0.0, 0.0, 0.0, 0.0, 0.0, 0.0, 0.0, 0.0, 0.0, 0.0, 0.0, 0.0, 0.0]}