{"loss": [129.71946716308594, 1.7015141248703003, 1.4089471101760864, 1.2447185516357422, 1.0475465059280396, 0.8700705170631409, 0.8177834749221802, 0.7611953616142273, 0.6384797692298889, 0.5946046710014343, 0.5976480841636658, 0.4785793423652649, 0.46700558066368103, 0.41067439317703247, 0.3842219412326813, 0.3707219660282135, 0.38010838627815247, 0.343031108379364, 0.3530053496360779, 0.35925164818763733, 0.33425891399383545, 0.32709604501724243, 0.318115770816803, 0.32890784740448, 0.29987987875938416, 0.3224705755710602, 0.29456666111946106, 0.2829781472682953, 0.29658353328704834, 0.3005273938179016, 0.30080538988113403, 0.30409327149391174, 0.29688870906829834, 0.30465173721313477, 0.301387757062912, 0.2845020592212677, 0.2875111401081085, 0.27565285563468933, 0.28175777196884155, 0.29367563128471375, 0.29797422885894775, 0.2935888469219208, 0.2902631461620331, 0.27098309993743896, 0.2860037684440613, 0.2885121703147888, 0.28891855478286743, 0.29234716296195984, 0.2750089168548584, 0.28832629323005676], "accuracy": [0.0, 0.0, 0.0, 0.0, 0.0, 0.0, 0.0, 0.0, 0.0, 0.0, 0.0, 0.0, 0.0, 0.0, 0.0, 0.0, 0.0, 0.0, 0.0, 0.0, 0.0, 0.0, 0.0, 0.0, 0.0, 0.0, 0.0, 0.0, 0.0, 0.0, 0.0, 0.0, 0.0, 0.0, 0.0, 0.0, 0.0, 0.0, 0.0, 0.0, 0.0, 0.0, 0.0, 0.0, 0.0, 0.0, 0.0, 0.0, 0.0, 0.0], "val_loss": [1.478764295578003, 1.4097546339035034, 1.0740981101989746, 1.1826599836349487, 0.7748552560806274, 0.7135645747184753, 0.8119133114814758, 0.5809261798858643, 0.739821195602417, 0.5667530298233032, 0.5734286308288574, 0.41427531838417053, 0.4170374870300293, 0.3638545572757721, 0.3927538990974426, 0.3787931203842163, 0.3326115310192108, 0.31804752349853516, 0.34167709946632385, 0.2995016574859619, 0.3559247851371765, 0.3293289244174957, 0.2868644595146179, 0.28617313504219055, 0.337845116853714, 0.3477739989757538, 0.2949255704879761, 0.29391801357269287, 0.2762308120727539, 0.2775665521621704, 0.279808908700943, 0.28089454770088196, 0.4725433588027954, 0.2629387378692627, 0.27522945404052734, 0.26184430718421936, 0.2629965543746948, 0.2608259618282318, 0.2584683895111084, 0.2628566026687622, 0.2637183368206024, 0.27822279930114746, 0.2853267192840576, 0.2636110484600067, 0.3166823089122772, 0.2644845247268677, 0.25571727752685547, 0.25912827253341675, 0.2551935017108917, 0.2559298872947693], "val_accuracy": [0.0, 0.0, 0.0, 0.0, 0.0, 0.0, 0.0, 0.0, 0.0, 0.0, 0.0, 0.0, 0.0, 0.0, 0.0, 0.0, 0.0, 0.0, 0.0, 0.0, 0.0, 0.0, 0.0, 0.0, 0.0, 0.0, 0.0, 0.0, 0.0, 0.0, 0.0, 0.0, 0.0, 0.0, 0.0, 0.0, 0.0, 0.0, 0.0, 0.0, 0.0, 0.0, 0.0, 0.0, 0.0, 0.0, 0.0, 0.0, 0.0, 0.0]}