{"loss": [198.4329071044922, 1.428984522819519, 0.5887950658798218, 0.5473988056182861, 0.45913034677505493, 0.3733038008213043, 0.31942954659461975, 0.32597616314888, 0.3089471161365509, 0.34869492053985596, 0.4210315942764282, 0.29826390743255615, 0.34740370512008667, 0.2933065593242645, 0.37414631247520447, 0.3084086775779724, 0.2971910238265991, 0.2692926228046417, 0.3067443072795868, 0.33696818351745605, 0.3985331952571869, 0.29818275570869446, 0.40538960695266724, 0.2913922965526581, 0.2964545786380768], "accuracy": [0.0, 0.0, 0.0, 0.0, 0.0, 0.0, 0.0, 0.0, 0.0, 0.0, 0.0, 0.0, 0.0, 0.0, 0.0, 0.0, 0.0, 0.0, 0.0, 0.0, 0.0, 0.0, 0.0, 0.0, 0.0], "val_loss": [3.3947553634643555, 1.3679635524749756, 0.45401298999786377, 0.6189470291137695, 0.34039434790611267, 0.3199184834957123, 0.2764390707015991, 0.3231916129589081, 0.26303794980049133, 0.8524857759475708, 0.27945274114608765, 0.26156771183013916, 0.431618869304657, 0.29044583439826965, 0.39006754755973816, 0.431640088558197, 0.33234184980392456, 0.37942272424697876, 0.27727583050727844, 0.27335095405578613, 0.2691214680671692, 0.37460532784461975, 0.7340841293334961, 0.2621552050113678, 0.3000735938549042], "val_accuracy": [0.0, 0.0, 0.0, 0.0, 0.0, 0.0, 0.0, 0.0, 0.0, 0.0, 0.0, 0.0, 0.0, 0.0, 0.0, 0.0, 0.0, 0.0, 0.0, 0.0, 0.0, 0.0, 0.0, 0.0, 0.0]}