{"loss": [77.45133209228516, 0.9847033619880676, 0.7097909450531006, 0.5405260324478149, 0.51788729429245, 0.5152427554130554, 0.5001412630081177, 0.46637260913848877, 0.45154887437820435, 0.44127991795539856], "accuracy": [0.0, 0.0, 0.0, 0.0, 0.0, 0.0, 0.0, 0.0, 0.0, 0.0], "val_loss": [1.0346721410751343, 0.7789561152458191, 0.5085226893424988, 0.5144118666648865, 0.48338794708251953, 0.45154404640197754, 0.5009186863899231, 0.49402955174446106, 0.4356537163257599, 0.49449172616004944], "val_accuracy": [0.0, 0.0, 0.0, 0.0, 0.0, 0.0, 0.0, 0.0, 0.0, 0.0]}