{"loss": [579620.3125, 611.8497924804688, 15.79601001739502, 1.9503589868545532, 1.3101636171340942, 1.2759493589401245, 1.2174125909805298, 1.2204818725585938, 1.214479684829712, 1.2191437482833862, 1.2393555641174316, 1.148921012878418, 1.3103660345077515, 1.1425025463104248, 1.1575416326522827, 1.0641441345214844, 1.1083439588546753, 1.2082905769348145, 1.0262020826339722, 1.0387135744094849], "accuracy": [0.0, 0.0, 0.0, 0.0, 0.0, 0.0, 0.0, 0.0, 0.0, 0.0, 0.0, 0.0, 0.0, 0.0, 0.0, 0.0, 0.0, 0.0, 0.0, 0.0], "val_loss": [752.4888305664062, 55.78152847290039, 2.152585029602051, 1.5259431600570679, 1.2311145067214966, 1.2961033582687378, 1.146042823791504, 1.272871971130371, 1.1169766187667847, 1.1086989641189575, 1.0758365392684937, 1.5447810888290405, 1.0795502662658691, 1.0661064386367798, 1.0033459663391113, 0.9810177087783813, 1.3826191425323486, 1.1855870485305786, 0.9796582460403442, 0.9290090203285217], "val_accuracy": [0.0, 0.0, 0.0, 0.0, 0.0, 0.0, 0.0, 0.0, 0.0, 0.0, 0.0, 0.0, 0.0, 0.0, 0.0, 0.0, 0.0, 0.0, 0.0, 0.0]}