{"loss": [22.353790283203125, 1.788407564163208, 1.4506033658981323, 1.187873363494873, 4.178435325622559, 44.47391128540039, 7.956996917724609, 3.3003828525543213, 2.580430269241333, 2.2953617572784424, 2.0519087314605713, 1.885928988456726, 1.6739522218704224, 1.962951898574829, 5.8137712478637695, 1.5290758609771729, 0.9827406406402588, 1.0065956115722656, 0.8908291459083557, 0.7725294232368469, 0.730758547782898, 0.8225694894790649, 0.6847326755523682, 0.6763825416564941, 0.6619784832000732, 0.6535145044326782, 0.6152553558349609, 0.6688524484634399, 0.5703659057617188, 0.6412519216537476], "accuracy": [0.0, 0.0, 0.0, 0.0, 0.0, 0.0, 0.0, 0.0, 0.0, 0.0, 0.0, 0.0, 0.0, 0.0, 0.0, 0.0, 0.0, 0.0, 0.0, 0.0, 0.0, 0.0, 0.0, 0.0, 0.0, 0.0, 0.0, 0.0, 0.0, 0.0], "val_loss": [1.7782790660858154, 1.239617943763733, 1.2447019815444946, 1.0199158191680908, 3.8767521381378174, 17.980409622192383, 3.3117010593414307, 2.971745491027832, 2.3042116165161133, 2.2910304069519043, 1.9275932312011719, 1.807358741760254, 1.4545196294784546, 8.396081924438477, 2.51173734664917, 1.006837010383606, 0.8417356610298157, 0.7993775010108948, 0.784676194190979, 0.7213692665100098, 0.6688104271888733, 0.6601055860519409, 0.6721243858337402, 0.5994814038276672, 0.6517356634140015, 0.5805900692939758, 0.577599048614502, 0.5371483564376831, 0.7026044726371765, 0.5189894437789917], "val_accuracy": [0.0, 0.0, 0.0, 0.0, 0.0, 0.0, 0.0, 0.0, 0.0, 0.0, 0.0, 0.0, 0.0, 0.0, 0.0, 0.0, 0.0, 0.0, 0.0, 0.0, 0.0, 0.0, 0.0, 0.0, 0.0, 0.0, 0.0, 0.0, 0.0, 0.0]}