{"loss": [6.4485344886779785], "accuracy": [0.0], "val_loss": [2.832639217376709], "val_accuracy": [0.0]}