{"loss": [1228.8614501953125, 584.4141235351562, 480.6605529785156, 426.29498291015625, 162904.703125, 465.7898254394531, 434.50244140625, 503448352.0, 45.663944244384766, 44.64377212524414, 43.90897750854492, 43.200016021728516, 42.66347122192383, 42.10721969604492, 41.64305877685547, 40.918643951416016, 40.3069953918457, 39.750823974609375, 39.03725814819336, 38.412906646728516, 37.621883392333984, 36.910648345947266, 36.21009826660156, 35.42630386352539, 34.642982482910156, 33.97446060180664, 33.18547821044922, 32.35873794555664, 31.64894676208496, 30.936803817749023, 30.20643424987793, 29.533512115478516, 28.707155227661133, 28.193546295166016, 27.393924713134766, 26.816930770874023, 26.145206451416016, 25.68230628967285, 25.02159881591797, 24.39720344543457, 23.898847579956055, 23.379615783691406, 22.888647079467773, 22.37656593322754, 21.99139404296875, 21.5458927154541, 21.30404281616211, 21.07326316833496, 20.600385665893555, 20.521678924560547, 20.24664878845215, 20.01906394958496, 19.384477615356445, 19.40265655517578, 19.15493392944336, 19.028308868408203, 18.926708221435547, 18.763254165649414, 18.66880226135254, 18.305950164794922, 18.474609375, 18.25311279296875, 18.119976043701172, 17.69447135925293, 17.351516723632812, 17.377105712890625, 17.279647827148438, 17.04926109313965, 16.663745880126953, 15.631858825683594, 15.767127990722656, 15.578526496887207, 15.52415657043457, 15.3641996383667, 15.0179443359375, 14.690879821777344, 14.498552322387695, 14.432367324829102, 14.178476333618164, 14.264622688293457, 13.348125457763672, 12.885284423828125, 11.334153175354004, 10.974322319030762, 11.154519081115723, 10.719457626342773, 10.607086181640625, 9.998822212219238, 11.12316608428955, 10.971982955932617, 9.267321586608887, 10.838567733764648, 11.524792671203613, 10.684330940246582, 10.192475318908691, 10.097987174987793, 10.577445030212402, 14.216143608093262, 15.839147567749023, 11.650301933288574], "accuracy": [0.0, 0.0, 0.0, 0.0, 0.0, 0.0, 0.0, 0.0, 0.0, 0.0, 0.0, 0.0, 0.0, 0.0, 0.0, 0.0, 0.0, 0.0, 0.0, 0.0, 0.0, 0.0, 0.0, 0.0, 0.0, 0.0, 0.0, 0.0, 0.0, 0.0, 0.0, 0.0, 0.0, 0.0, 0.0, 0.0, 0.0, 0.0, 0.0, 0.0, 0.0, 0.0, 0.0, 0.0, 0.0, 0.0, 0.0, 0.0, 0.0, 0.0, 0.0, 0.0, 0.0, 0.0, 0.0, 0.0, 0.0, 0.0, 0.0, 0.0, 0.0, 0.0, 0.0, 0.0, 0.0, 0.0, 0.0, 0.0, 0.0, 0.0, 0.0, 0.0, 0.0, 0.0, 0.0, 0.0, 0.0, 0.0, 0.0, 0.0, 0.0, 0.0, 0.0, 0.0, 0.0, 0.0, 0.0, 0.0, 0.0, 0.0, 0.0, 0.0, 0.0, 0.0, 0.0, 0.0, 0.0, 0.0, 0.0, 0.0], "val_loss": [771.530029296875, 513.2594604492188, 450.380615234375, 351.9408874511719, 500.860595703125, 448.8548278808594, 418.852294921875, 46.071651458740234, 44.90119552612305, 44.096397399902344, 43.34048080444336, 42.74893569946289, 42.1873664855957, 41.667240142822266, 41.07320022583008, 40.4758186340332, 39.85646057128906, 39.19827651977539, 38.51362609863281, 37.822296142578125, 37.098854064941406, 36.368125915527344, 35.63022994995117, 34.86690902709961, 34.132789611816406, 33.34880065917969, 32.58196258544922, 31.827550888061523, 31.126169204711914, 30.364212036132812, 29.665203094482422, 28.90975570678711, 28.288084030151367, 27.579204559326172, 26.930566787719727, 26.3089656829834, 25.69460678100586, 25.122928619384766, 24.545570373535156, 24.09320068359375, 23.52942657470703, 23.067270278930664, 22.749942779541016, 22.014986038208008, 21.62523078918457, 21.53360366821289, 20.964378356933594, 20.700674057006836, 20.396738052368164, 20.18029022216797, 19.81109619140625, 19.69550132751465, 19.407827377319336, 18.9851016998291, 18.84928321838379, 18.755165100097656, 19.127927780151367, 18.4957332611084, 18.097721099853516, 18.24966812133789, 17.915775299072266, 18.22353172302246, 17.652103424072266, 17.404644012451172, 17.3966121673584, 16.804330825805664, 16.72303581237793, 17.119186401367188, 15.556188583374023, 15.513263702392578, 16.32539939880371, 15.310954093933105, 15.086496353149414, 14.85124397277832, 14.799651145935059, 14.509986877441406, 14.372658729553223, 13.727649688720703, 14.756524085998535, 13.544140815734863, 12.743827819824219, 11.227049827575684, 10.739782333374023, 11.314542770385742, 10.543288230895996, 11.395318031311035, 9.932823181152344, 11.048766136169434, 12.620774269104004, 9.53819751739502, 9.118156433105469, 11.226001739501953, 10.63928508758545, 10.369555473327637, 9.890157699584961, 10.173948287963867, 11.174076080322266, 15.570511817932129, 14.98591136932373, 10.540690422058105], "val_accuracy": [0.0, 0.0, 0.0, 0.0, 0.0, 0.0, 0.0, 0.0, 0.0, 0.0, 0.0, 0.0, 0.0, 0.0, 0.0, 0.0, 0.0, 0.0, 0.0, 0.0, 0.0, 0.0, 0.0, 0.0, 0.0, 0.0, 0.0, 0.0, 0.0, 0.0, 0.0, 0.0, 0.0, 0.0, 0.0, 0.0, 0.0, 0.0, 0.0, 0.0, 0.0, 0.0, 0.0, 0.0, 0.0, 0.0, 0.0, 0.0, 0.0, 0.0, 0.0, 0.0, 0.0, 0.0, 0.0, 0.0, 0.0, 0.0, 0.0, 0.0, 0.0, 0.0, 0.0, 0.0, 0.0, 0.0, 0.0, 0.0, 0.0, 0.0, 0.0, 0.0, 0.0, 0.0, 0.0, 0.0, 0.0, 0.0, 0.0, 0.0, 0.0, 0.0, 0.0, 0.0, 0.0, 0.0, 0.0, 0.0, 0.0, 0.0, 0.0, 0.0, 0.0, 0.0, 0.0, 0.0, 0.0, 0.0, 0.0, 0.0]}